Workbook

Sheet Dashboard
B2: Select Month | M2: 42795
B25: Description | F25: 42795 | G25: 42767 | H25: Change % | I25: 42430 | J25: Total
B26: Student Purchases | E26: =H26 -> 0.19402985 | F26: =Calculations!B8 -> 1200 | G26: =Calculations!C8 -> 1005 | H26: =Calculations!D8 -> 0.19402985 | I26: =Calculations!E8 -> 1082 | J26: =Calculations!F8 -> 16144
B27: Udemy Organic | E27: =H27 -> 0.13114754 | F27: =Calculations!B9 -> 828 | G27: =Calculations!C9 -> 732 | H27: =Calculations!D9 -> 0.13114754 | I27: =Calculations!E9 -> 769 | J27: =Calculations!F9 -> 11680
B28: My Promotions | E28: =H28 -> 0.90909091 | F28: =Calculations!B10 -> 210 | G28: =Calculations!C10 -> 110 | H28: =Calculations!D10 -> 0.90909091 | I28: =Calculations!E10 -> 158 | J28: =Calculations!F10 -> 2694
B29: Ad Program | E29: =H29 -> -0.10869565 | F29: =Calculations!B11 -> 82 | G29: =Calculations!C11 -> 92 | H29: =Calculations!D11 -> -0.10869565 | I29: =Calculations!E11 -> 81 | J29: =Calculations!F11 -> 935
B30: Other | E30: =H30 -> 0.12676056 | F30: =Calculations!B12 -> 80 | G30: =Calculations!C12 -> 71 | H30: =Calculations!D12 -> 0.12676056 | I30: =Calculations!E12 -> 74 | J30: =Calculations!F12 -> 835
B31: Refunds | E31: =H31 -> 0.89473684 | F31: =Calculations!B13 -> 36 | G31: =Calculations!C13 -> 19 | H31: =Calculations!D13 -> 0.89473684 | I31: =Calculations!E13 -> 43 | J31: =Calculations!F13 -> 385
B32: Revenue | E32: =H32 -> 0.18052738 | F32: =Calculations!B14 -> 1164 | G32: =Calculations!C14 -> 986 | H32: =Calculations!D14 -> 0.18052738 | I32: =Calculations!E14 -> 1039 | J32: =Calculations!F14 -> 15759
B33: Students | E33: =H33 -> -0.10071942 | F33: =Calculations!B15 -> 125 | G33: =Calculations!C15 -> 139 | H33: =Calculations!D15 -> -0.10071942 | I33: =Calculations!E15 -> 110 | J33: =Calculations!F15 -> 1355
B34: YouTube Subscribers | E34: =H34 -> -0.19090909 | F34: =Calculations!B16 -> 89 | G34: =Calculations!C16 -> 110 | H34: =Calculations!D16 -> -0.19090909 | I34: =Calculations!E16 -> 122 | J34: =Calculations!F16 -> 1589
B35: Website Unique visitors | E35: =H35 -> 0.27819549 | F35: =Calculations!B17 -> 1700 | G35: =Calculations!C17 -> 1330 | H35: =Calculations!D17 -> 0.27819549 | I35: =Calculations!E17 -> 1573 | J35: =Calculations!F17 -> 18989

Sheet Calculations
A2: Current Month | B2: =Dashboard!M2 -> 42795
A3: Previous Month | B3: =EOMONTH(B2,-2)+1 -> 42767
A4: Current Month Last Year | B4: =EOMONTH(B2,-13)+1 -> 42430
B6: Current Month | C6: Previous Month | D6: Change % | E6: Last Year Current Month | F6: Last 12 Months
B7: =B2 -> 42795 | C7: =B3 -> 42767 | E7: =B4 -> 42430 | F7: Total | G7: =B7 -> 42795 | H7: =EOMONTH(G7,-2)+1 -> 42767 | I7: =EOMONTH(H7,-2)+1 -> 42736 | J7: =EOMONTH(I7,-2)+1 -> 42705 | K7: =EOMONTH(J7,-2)+1 -> 42675 | L7: =EOMONTH(K7,-2)+1 -> 42644 | M7: =EOMONTH(L7,-2)+1 -> 42614 | N7: =EOMONTH(M7,-2)+1 -> 42583 | O7: =EOMONTH(N7,-2)+1 -> 42552 | ... R7: =EOMONTH(Q7,-2)+1 -> 42461
A8: Student Purchases | B8: {=+SUMPRODUCT((Data!$A$3:$A$26=Calculations!$B$7)*(Data!$B$2:$K$2=Calculations!A8)*(Data!$B$3:$K$26))} -> 1200 | C8: {=+SUMPRODUCT((Data!$A$3:$A$26=Calculations!$C$7)*(Data!$B$2:$K$2=Calculations!A8)*(Data!$B$3:$K$26))} -> 1005 | D8: =(B8-C8)/C8 -> 0.19402985 | E8: {=+SUMPRODUCT((Data!$A$3:$A$26=Calculations!$E$7)*(Data!$B$2:$K$2=Calculations!A8)*(Data!$B$3:$K$26))} -> 1082 | F8: =SUM(G8:R8) -> 16144 | G8: =B8 -> 1200 | H8: =C8 -> 1005 | I8: {=+SUMPRODUCT((Data!$A$3:$A$26=Calculations!$I$7)*(Data!$B$2:$K$2=Calculations!A8)*(Data!$B$3:$K$26))} -> 1560 | J8: {=+SUMPRODUCT((Data!$A$3:$A$26=Calculations!$J$7)*(Data!$B$2:$K$2=Calculations!A8)*(Data!$B$3:$K$26))} -> 1410 | K8: {=+SUMPRODUCT((Data!$A$3:$A$26=Calculations!$K$7)*(Data!$B$2:$K$2=Calculations!A8)*(Data!$B$3:$K$26))} -> 997 | L8: {=+SUMPRODUCT((Data!$A$3:$A$26=Calculations!$L$7)*(Data!$B$2:$K$2=Calculations!A8)*(Data!$B$3:$K$26))} -> 1459 | M8: {=+SUMPRODUCT((Data!$A$3:$A$26=Calculations!$M$7)*(Data!$B$2:$K$2=Calculations!A8)*(Data!$B$3:$K$26))} -> 1492 | N8: {=+SUMPRODUCT((Data!$A$3:$A$26=Calculations!$N$7)*(Data!$B$2:$K$2=Calculations!A8)*(Data!$B$3:$K$26))} -> 1125 | O8: {=+SUMPRODUCT((Data!$A$3:$A$26=Calculations!$O$7)*(Data!$B$2:$K$2=Calculations!A8)*(Data!$B$3:$K$26))} -> 1707 | P8: {=+SUMPRODUCT((Data!$A$3:$A$26=Calculations!$P$7)*(Data!$B$2:$K$2=Calculations!A8)*(Data!$B$3:$K$26))} -> 1482 | Q8: {=+SUMPRODUCT((Data!$A$3:$A$26=Calculations!$Q$7)*(Data!$B$2:$K$2=Calculations!A8)*(Data!$B$3:$K$26))} -> 1210 | R8: {=+SUMPRODUCT((Data!$A$3:$A$26=Calculations!$R$7)*(Data!$B$2:$K$2=Calculations!A8)*(Data!$B$3:$K$26))} -> 1497
A9: Udemy Organic | B9: {=+SUMPRODUCT((Data!$A$3:$A$26=Calculations!$B$7)*(Data!$B$2:$K$2=Calculations!A9)*(Data!$B$3:$K$26))} -> 828 | C9: {=+SUMPRODUCT((Data!$A$3:$A$26=Calculations!$C$7)*(Data!$B$2:$K$2=Calculations!A9)*(Data!$B$3:$K$26))} -> 732 | D9: =(B9-C9)/C9 -> 0.13114754 | E9: {=+SUMPRODUCT((Data!$A$3:$A$26=Calculations!$E$7)*(Data!$B$2:$K$2=Calculations!A9)*(Data!$B$3:$K$26))} -> 769 | F9: =SUM(G9:R9) -> 11680 | G9: =B9 -> 828 | H9: =C9 -> 732 | I9: {=+SUMPRODUCT((Data!$A$3:$A$26=Calculations!$I$7)*(Data!$B$2:$K$2=Calculations!A9)*(Data!$B$3:$K$26))} -> 1146 | J9: {=+SUMPRODUCT((Data!$A$3:$A$26=Calculations!$J$7)*(Data!$B$2:$K$2=Calculations!A9)*(Data!$B$3:$K$26))} -> 950 | K9: {=+SUMPRODUCT((Data!$A$3:$A$26=Calculations!$K$7)*(Data!$B$2:$K$2=Calculations!A9)*(Data!$B$3:$K$26))} -> 771 | L9: {=+SUMPRODUCT((Data!$A$3:$A$26=Calculations!$L$7)*(Data!$B$2:$K$2=Calculations!A9)*(Data!$B$3:$K$26))} -> 1025 | M9: {=+SUMPRODUCT((Data!$A$3:$A$26=Calculations!$M$7)*(Data!$B$2:$K$2=Calculations!A9)*(Data!$B$3:$K$26))} -> 1006 | N9: {=+SUMPRODUCT((Data!$A$3:$A$26=Calculations!$N$7)*(Data!$B$2:$K$2=Calculations!A9)*(Data!$B$3:$K$26))} -> 830 | O9: {=+SUMPRODUCT((Data!$A$3:$A$26=Calculations!$O$7)*(Data!$B$2:$K$2=Calculations!A9)*(Data!$B$3:$K$26))} -> 1300 | P9: {=+SUMPRODUCT((Data!$A$3:$A$26=Calculations!$P$7)*(Data!$B$2:$K$2=Calculations!A9)*(Data!$B$3:$K$26))} -> 1039 | Q9: {=+SUMPRODUCT((Data!$A$3:$A$26=Calculations!$Q$7)*(Data!$B$2:$K$2=Calculations!A9)*(Data!$B$3:$K$26))} -> 821 | R9: {=+SUMPRODUCT((Data!$A$3:$A$26=Calculations!$R$7)*(Data!$B$2:$K$2=Calculations!A9)*(Data!$B$3:$K$26))} -> 1232
A10: My Promotions | B10: {=+SUMPRODUCT((Data!$A$3:$A$26=Calculations!$B$7)*(Data!$B$2:$K$2=Calculations!A10)*(Data!$B$3:$K$26))} -> 210 | C10: {=+SUMPRODUCT((Data!$A$3:$A$26=Calculations!$C$7)*(Data!$B$2:$K$2=Calculations!A10)*(Data!$B$3:$K$26))} -> 110 | D10: =(B10-C10)/C10 -> 0.90909091 | E10: {=+SUMPRODUCT((Data!$A$3:$A$26=Calculations!$E$7)*(Data!$B$2:$K$2=Calculations!A10)*(Data!$B$3:$K$26))} -> 158 | F10: =SUM(G10:R10) -> 2694 | G10: =B10 -> 210 | H10: =C10 -> 110 | I10: {=+SUMPRODUCT((Data!$A$3:$A$26=Calculations!$I$7)*(Data!$B$2:$K$2=Calculations!A10)*(Data!$B$3:$K$26))} -> 230 | J10: {=+SUMPRODUCT((Data!$A$3:$A$26=Calculations!$J$7)*(Data!$B$2:$K$2=Calculations!A10)*(Data!$B$3:$K$26))} -> 332 | K10: {=+SUMPRODUCT((Data!$A$3:$A$26=Calculations!$K$7)*(Data!$B$2:$K$2=Calculations!A10)*(Data!$B$3:$K$26))} -> 115 | L10: {=+SUMPRODUCT((Data!$A$3:$A$26=Calculations!$L$7)*(Data!$B$2:$K$2=Calculations!A10)*(Data!$B$3:$K$26))} -> 287 | M10: {=+SUMPRODUCT((Data!$A$3:$A$26=Calculations!$M$7)*(Data!$B$2:$K$2=Calculations!A10)*(Data!$B$3:$K$26))} -> 350 | N10: {=+SUMPRODUCT((Data!$A$3:$A$26=Calculations!$N$7)*(Data!$B$2:$K$2=Calculations!A10)*(Data!$B$3:$K$26))} -> 172 | O10: {=+SUMPRODUCT((Data!$A$3:$A$26=Calculations!$O$7)*(Data!$B$2:$K$2=Calculations!A10)*(Data!$B$3:$K$26))} -> 281 | P10: {=+SUMPRODUCT((Data!$A$3:$A$26=Calculations!$P$7)*(Data!$B$2:$K$2=Calculations!A10)*(Data!$B$3:$K$26))} -> 269 | Q10: {=+SUMPRODUCT((Data!$A$3:$A$26=Calculations!$Q$7)*(Data!$B$2:$K$2=Calculations!A10)*(Data!$B$3:$K$26))} -> 225 | R10: {=+SUMPRODUCT((Data!$A$3:$A$26=Calculations!$R$7)*(Data!$B$2:$K$2=Calculations!A10)*(Data!$B$3:$K$26))} -> 113
A11: Ad Program | B11: {=+SUMPRODUCT((Data!$A$3:$A$26=Calculations!$B$7)*(Data!$B$2:$K$2=Calculations!A11)*(Data!$B$3:$K$26))} -> 82 | C11: {=+SUMPRODUCT((Data!$A$3:$A$26=Calculations!$C$7)*(Data!$B$2:$K$2=Calculations!A11)*(Data!$B$3:$K$26))} -> 92 | D11: =(B11-C11)/C11 -> -0.10869565 | E11: {=+SUMPRODUCT((Data!$A$3:$A$26=Calculations!$E$7)*(Data!$B$2:$K$2=Calculations!A11)*(Data!$B$3:$K$26))} -> 81 | F11: =SUM(G11:R11) -> 935 | G11: =B11 -> 82 | H11: =C11 -> 92 | I11: {=+SUMPRODUCT((Data!$A$3:$A$26=Calculations!$I$7)*(Data!$B$2:$K$2=Calculations!A11)*(Data!$B$3:$K$26))} -> 112 | J11: {=+SUMPRODUCT((Data!$A$3:$A$26=Calculations!$J$7)*(Data!$B$2:$K$2=Calculations!A11)*(Data!$B$3:$K$26))} -> 65 | K11: {=+SUMPRODUCT((Data!$A$3:$A$26=Calculations!$K$7)*(Data!$B$2:$K$2=Calculations!A11)*(Data!$B$3:$K$26))} -> 53 | L11: {=+SUMPRODUCT((Data!$A$3:$A$26=Calculations!$L$7)*(Data!$B$2:$K$2=Calculations!A11)*(Data!$B$3:$K$26))} -> 60 | M11: {=+SUMPRODUCT((Data!$A$3:$A$26=Calculations!$M$7)*(Data!$B$2:$K$2=Calculations!A11)*(Data!$B$3:$K$26))} -> 54 | N11: {=+SUMPRODUCT((Data!$A$3:$A$26=Calculations!$N$7)*(Data!$B$2:$K$2=Calculations!A11)*(Data!$B$3:$K$26))} -> 59 | O11: {=+SUMPRODUCT((Data!$A$3:$A$26=Calculations!$O$7)*(Data!$B$2:$K$2=Calculations!A11)*(Data!$B$3:$K$26))} -> 63 | P11: {=+SUMPRODUCT((Data!$A$3:$A$26=Calculations!$P$7)*(Data!$B$2:$K$2=Calculations!A11)*(Data!$B$3:$K$26))} -> 116 | Q11: {=+SUMPRODUCT((Data!$A$3:$A$26=Calculations!$Q$7)*(Data!$B$2:$K$2=Calculations!A11)*(Data!$B$3:$K$26))} -> 102 | R11: {=+SUMPRODUCT((Data!$A$3:$A$26=Calculations!$R$7)*(Data!$B$2:$K$2=Calculations!A11)*(Data!$B$3:$K$26))} -> 77
A12: Other | B12: {=+SUMPRODUCT((Data!$A$3:$A$26=Calculations!$B$7)*(Data!$B$2:$K$2=Calculations!A12)*(Data!$B$3:$K$26))} -> 80 | C12: {=+SUMPRODUCT((Data!$A$3:$A$26=Calculations!$C$7)*(Data!$B$2:$K$2=Calculations!A12)*(Data!$B$3:$K$26))} -> 71 | D12: =(B12-C12)/C12 -> 0.12676056 | E12: {=+SUMPRODUCT((Data!$A$3:$A$26=Calculations!$E$7)*(Data!$B$2:$K$2=Calculations!A12)*(Data!$B$3:$K$26))} -> 74 | F12: =SUM(G12:R12) -> 835 | G12: =B12 -> 80 | H12: =C12 -> 71 | I12: {=+SUMPRODUCT((Data!$A$3:$A$26=Calculations!$I$7)*(Data!$B$2:$K$2=Calculations!A12)*(Data!$B$3:$K$26))} -> 72 | J12: {=+SUMPRODUCT((Data!$A$3:$A$26=Calculations!$J$7)*(Data!$B$2:$K$2=Calculations!A12)*(Data!$B$3:$K$26))} -> 63 | K12: {=+SUMPRODUCT((Data!$A$3:$A$26=Calculations!$K$7)*(Data!$B$2:$K$2=Calculations!A12)*(Data!$B$3:$K$26))} -> 58 | L12: {=+SUMPRODUCT((Data!$A$3:$A$26=Calculations!$L$7)*(Data!$B$2:$K$2=Calculations!A12)*(Data!$B$3:$K$26))} -> 87 | M12: {=+SUMPRODUCT((Data!$A$3:$A$26=Calculations!$M$7)*(Data!$B$2:$K$2=Calculations!A12)*(Data!$B$3:$K$26))} -> 82 | N12: {=+SUMPRODUCT((Data!$A$3:$A$26=Calculations!$N$7)*(Data!$B$2:$K$2=Calculations!A12)*(Data!$B$3:$K$26))} -> 64 | O12: {=+SUMPRODUCT((Data!$A$3:$A$26=Calculations!$O$7)*(Data!$B$2:$K$2=Calculations!A12)*(Data!$B$3:$K$26))} -> 63 | P12: {=+SUMPRODUCT((Data!$A$3:$A$26=Calculations!$P$7)*(Data!$B$2:$K$2=Calculations!A12)*(Data!$B$3:$K$26))} -> 58 | Q12: {=+SUMPRODUCT((Data!$A$3:$A$26=Calculations!$Q$7)*(Data!$B$2:$K$2=Calculations!A12)*(Data!$B$3:$K$26))} -> 62 | R12: {=+SUMPRODUCT((Data!$A$3:$A$26=Calculations!$R$7)*(Data!$B$2:$K$2=Calculations!A12)*(Data!$B$3:$K$26))} -> 75
A13: Refunds | B13: {=+SUMPRODUCT((Data!$A$3:$A$26=Calculations!$B$7)*(Data!$B$2:$K$2=Calculations!A13)*(Data!$B$3:$K$26))} -> 36 | C13: {=+SUMPRODUCT((Data!$A$3:$A$26=Calculations!$C$7)*(Data!$B$2:$K$2=Calculations!A13)*(Data!$B$3:$K$26))} -> 19 | D13: =(B13-C13)/C13 -> 0.89473684 | E13: {=+SUMPRODUCT((Data!$A$3:$A$26=Calculations!$E$7)*(Data!$B$2:$K$2=Calculations!A13)*(Data!$B$3:$K$26))} -> 43 | F13: =SUM(G13:R13) -> 385 | G13: =B13 -> 36 | H13: =C13 -> 19 | I13: {=+SUMPRODUCT((Data!$A$3:$A$26=Calculations!$I$7)*(Data!$B$2:$K$2=Calculations!A13)*(Data!$B$3:$K$26))} -> 11 | J13: {=+SUMPRODUCT((Data!$A$3:$A$26=Calculations!$J$7)*(Data!$B$2:$K$2=Calculations!A13)*(Data!$B$3:$K$26))} -> 39 | K13: {=+SUMPRODUCT((Data!$A$3:$A$26=Calculations!$K$7)*(Data!$B$2:$K$2=Calculations!A13)*(Data!$B$3:$K$26))} -> 37 | L13: {=+SUMPRODUCT((Data!$A$3:$A$26=Calculations!$L$7)*(Data!$B$2:$K$2=Calculations!A13)*(Data!$B$3:$K$26))} -> 30 | M13: {=+SUMPRODUCT((Data!$A$3:$A$26=Calculations!$M$7)*(Data!$B$2:$K$2=Calculations!A13)*(Data!$B$3:$K$26))} -> 44 | N13: {=+SUMPRODUCT((Data!$A$3:$A$26=Calculations!$N$7)*(Data!$B$2:$K$2=Calculations!A13)*(Data!$B$3:$K$26))} -> 46 | O13: {=+SUMPRODUCT((Data!$A$3:$A$26=Calculations!$O$7)*(Data!$B$2:$K$2=Calculations!A13)*(Data!$B$3:$K$26))} -> 46 | P13: {=+SUMPRODUCT((Data!$A$3:$A$26=Calculations!$P$7)*(Data!$B$2:$K$2=Calculations!A13)*(Data!$B$3:$K$26))} -> 27 | Q13: {=+SUMPRODUCT((Data!$A$3:$A$26=Calculations!$Q$7)*(Data!$B$2:$K$2=Calculations!A13)*(Data!$B$3:$K$26))} -> 18 | R13: {=+SUMPRODUCT((Data!$A$3:$A$26=Calculations!$R$7)*(Data!$B$2:$K$2=Calculations!A13)*(Data!$B$3:$K$26))} -> 32
A14: Revenue | B14: {=+SUMPRODUCT((Data!$A$3:$A$26=Calculations!$B$7)*(Data!$B$2:$K$2=Calculations!A14)*(Data!$B$3:$K$26))} -> 1164 | C14: {=+SUMPRODUCT((Data!$A$3:$A$26=Calculations!$C$7)*(Data!$B$2:$K$2=Calculations!A14)*(Data!$B$3:$K$26))} -> 986 | D14: =(B14-C14)/C14 -> 0.18052738 | E14: {=+SUMPRODUCT((Data!$A$3:$A$26=Calculations!$E$7)*(Data!$B$2:$K$2=Calculations!A14)*(Data!$B$3:$K$26))} -> 1039 | F14: =SUM(G14:R14) -> 15759 | G14: =B14 -> 1164 | H14: =C14 -> 986 | I14: {=+SUMPRODUCT((Data!$A$3:$A$26=Calculations!$I$7)*(Data!$B$2:$K$2=Calculations!A14)*(Data!$B$3:$K$26))} -> 1549 | J14: {=+SUMPRODUCT((Data!$A$3:$A$26=Calculations!$J$7)*(Data!$B$2:$K$2=Calculations!A14)*(Data!$B$3:$K$26))} -> 1371 | K14: {=+SUMPRODUCT((Data!$A$3:$A$26=Calculations!$K$7)*(Data!$B$2:$K$2=Calculations!A14)*(Data!$B$3:$K$26))} -> 960 | L14: {=+SUMPRODUCT((Data!$A$3:$A$26=Calculations!$L$7)*(Data!$B$2:$K$2=Calculations!A14)*(Data!$B$3:$K$26))} -> 1429 | M14: {=+SUMPRODUCT((Data!$A$3:$A$26=Calculations!$M$7)*(Data!$B$2:$K$2=Calculations!A14)*(Data!$B$3:$K$26))} -> 1448 | N14: {=+SUMPRODUCT((Data!$A$3:$A$26=Calculations!$N$7)*(Data!$B$2:$K$2=Calculations!A14)*(Data!$B$3:$K$26))} -> 1079 | O14: {=+SUMPRODUCT((Data!$A$3:$A$26=Calculations!$O$7)*(Data!$B$2:$K$2=Calculations!A14)*(Data!$B$3:$K$26))} -> 1661 | P14: {=+SUMPRODUCT((Data!$A$3:$A$26=Calculations!$P$7)*(Data!$B$2:$K$2=Calculations!A14)*(Data!$B$3:$K$26))} -> 1455 | Q14: {=+SUMPRODUCT((Data!$A$3:$A$26=Calculations!$Q$7)*(Data!$B$2:$K$2=Calculations!A14)*(Data!$B$3:$K$26))} -> 1192 | R14: {=+SUMPRODUCT((Data!$A$3:$A$26=Calculations!$R$7)*(Data!$B$2:$K$2=Calculations!A14)*(Data!$B$3:$K$26))} -> 1465
A15: Students | B15: {=+SUMPRODUCT((Data!$A$3:$A$26=Calculations!$B$7)*(Data!$B$2:$K$2=Calculations!A15)*(Data!$B$3:$K$26))} -> 125 | C15: {=+SUMPRODUCT((Data!$A$3:$A$26=Calculations!$C$7)*(Data!$B$2:$K$2=Calculations!A15)*(Data!$B$3:$K$26))} -> 139 | D15: =(B15-C15)/C15 -> -0.10071942 | E15: {=+SUMPRODUCT((Data!$A$3:$A$26=Calculations!$E$7)*(Data!$B$2:$K$2=Calculations!A15)*(Data!$B$3:$K$26))} -> 110 | F15: =SUM(G15:R15) -> 1355 | G15: =B15 -> 125 | H15: =C15 -> 139 | I15: {=+SUMPRODUCT((Data!$A$3:$A$26=Calculations!$I$7)*(Data!$B$2:$K$2=Calculations!A15)*(Data!$B$3:$K$26))} -> 110 | J15: {=+SUMPRODUCT((Data!$A$3:$A$26=Calculations!$J$7)*(Data!$B$2:$K$2=Calculations!A15)*(Data!$B$3:$K$26))} -> 134 | K15: {=+SUMPRODUCT((Data!$A$3:$A$26=Calculations!$K$7)*(Data!$B$2:$K$2=Calculations!A15)*(Data!$B$3:$K$26))} -> 113 | L15: {=+SUMPRODUCT((Data!$A$3:$A$26=Calculations!$L$7)*(Data!$B$2:$K$2=Calculations!A15)*(Data!$B$3:$K$26))} -> 133 | M15: {=+SUMPRODUCT((Data!$A$3:$A$26=Calculations!$M$7)*(Data!$B$2:$K$2=Calculations!A15)*(Data!$B$3:$K$26))} -> 78 | N15: {=+SUMPRODUCT((Data!$A$3:$A$26=Calculations!$N$7)*(Data!$B$2:$K$2=Calculations!A15)*(Data!$B$3:$K$26))} -> 133 | O15: {=+SUMPRODUCT((Data!$A$3:$A$26=Calculations!$O$7)*(Data!$B$2:$K$2=Calculations!A15)*(Data!$B$3:$K$26))} -> 132 | P15: {=+SUMPRODUCT((Data!$A$3:$A$26=Calculations!$P$7)*(Data!$B$2:$K$2=Calculations!A15)*(Data!$B$3:$K$26))} -> 83 | Q15: {=+SUMPRODUCT((Data!$A$3:$A$26=Calculations!$Q$7)*(Data!$B$2:$K$2=Calculations!A15)*(Data!$B$3:$K$26))} -> 58 | R15: {=+SUMPRODUCT((Data!$A$3:$A$26=Calculations!$R$7)*(Data!$B$2:$K$2=Calculations!A15)*(Data!$B$3:$K$26))} -> 117
A16: YouTube Subscribers | B16: {=+SUMPRODUCT((Data!$A$3:$A$26=Calculations!$B$7)*(Data!$B$2:$K$2=Calculations!A16)*(Data!$B$3:$K$26))} -> 89 | C16: {=+SUMPRODUCT((Data!$A$3:$A$26=Calculations!$C$7)*(Data!$B$2:$K$2=Calculations!A16)*(Data!$B$3:$K$26))} -> 110 | D16: =(B16-C16)/C16 -> -0.19090909 | E16: {=+SUMPRODUCT((Data!$A$3:$A$26=Calculations!$E$7)*(Data!$B$2:$K$2=Calculations!A16)*(Data!$B$3:$K$26))} -> 122 | F16: =SUM(G16:R16) -> 1589 | G16: =B16 -> 89 | H16: =C16 -> 110 | I16: {=+SUMPRODUCT((Data!$A$3:$A$26=Calculations!$I$7)*(Data!$B$2:$K$2=Calculations!A16)*(Data!$B$3:$K$26))} -> 148 | J16: {=+SUMPRODUCT((Data!$A$3:$A$26=Calculations!$J$7)*(Data!$B$2:$K$2=Calculations!A16)*(Data!$B$3:$K$26))} -> 131 | K16: {=+SUMPRODUCT((Data!$A$3:$A$26=Calculations!$K$7)*(Data!$B$2:$K$2=Calculations!A16)*(Data!$B$3:$K$26))} -> 168 | L16: {=+SUMPRODUCT((Data!$A$3:$A$26=Calculations!$L$7)*(Data!$B$2:$K$2=Calculations!A16)*(Data!$B$3:$K$26))} -> 144 | M16: {=+SUMPRODUCT((Data!$A$3:$A$26=Calculations!$M$7)*(Data!$B$2:$K$2=Calculations!A16)*(Data!$B$3:$K$26))} -> 148 | N16: {=+SUMPRODUCT((Data!$A$3:$A$26=Calculations!$N$7)*(Data!$B$2:$K$2=Calculations!A16)*(Data!$B$3:$K$26))} -> 172 | O16: {=+SUMPRODUCT((Data!$A$3:$A$26=Calculations!$O$7)*(Data!$B$2:$K$2=Calculations!A16)*(Data!$B$3:$K$26))} -> 132 | P16: {=+SUMPRODUCT((Data!$A$3:$A$26=Calculations!$P$7)*(Data!$B$2:$K$2=Calculations!A16)*(Data!$B$3:$K$26))} -> 96 | Q16: {=+SUMPRODUCT((Data!$A$3:$A$26=Calculations!$Q$7)*(Data!$B$2:$K$2=Calculations!A16)*(Data!$B$3:$K$26))} -> 121 | R16: {=+SUMPRODUCT((Data!$A$3:$A$26=Calculations!$R$7)*(Data!$B$2:$K$2=Calculations!A16)*(Data!$B$3:$K$26))} -> 130
A17: Website Unique visitors | B17: {=+SUMPRODUCT((Data!$A$3:$A$26=Calculations!$B$7)*(Data!$B$2:$K$2=Calculations!A17)*(Data!$B$3:$K$26))} -> 1700 | C17: {=+SUMPRODUCT((Data!$A$3:$A$26=Calculations!$C$7)*(Data!$B$2:$K$2=Calculations!A17)*(Data!$B$3:$K$26))} -> 1330 | D17: =(B17-C17)/C17 -> 0.27819549 | E17: {=+SUMPRODUCT((Data!$A$3:$A$26=Calculations!$E$7)*(Data!$B$2:$K$2=Calculations!A17)*(Data!$B$3:$K$26))} -> 1573 | F17: =SUM(G17:R17) -> 18989 | G17: =B17 -> 1700 | H17: =C17 -> 1330 | I17: {=+SUMPRODUCT((Data!$A$3:$A$26=Calculations!$I$7)*(Data!$B$2:$K$2=Calculations!A17)*(Data!$B$3:$K$26))} -> 1444 | J17: {=+SUMPRODUCT((Data!$A$3:$A$26=Calculations!$J$7)*(Data!$B$2:$K$2=Calculations!A17)*(Data!$B$3:$K$26))} -> 1587 | K17: {=+SUMPRODUCT((Data!$A$3:$A$26=Calculations!$K$7)*(Data!$B$2:$K$2=Calculations!A17)*(Data!$B$3:$K$26))} -> 1375 | L17: {=+SUMPRODUCT((Data!$A$3:$A$26=Calculations!$L$7)*(Data!$B$2:$K$2=Calculations!A17)*(Data!$B$3:$K$26))} -> 1971 | M17: {=+SUMPRODUCT((Data!$A$3:$A$26=Calculations!$M$7)*(Data!$B$2:$K$2=Calculations!A17)*(Data!$B$3:$K$26))} -> 1974 | N17: {=+SUMPRODUCT((Data!$A$3:$A$26=Calculations!$N$7)*(Data!$B$2:$K$2=Calculations!A17)*(Data!$B$3:$K$26))} -> 1191 | O17: {=+SUMPRODUCT((Data!$A$3:$A$26=Calculations!$O$7)*(Data!$B$2:$K$2=Calculations!A17)*(Data!$B$3:$K$26))} -> 1740 | P17: {=+SUMPRODUCT((Data!$A$3:$A$26=Calculations!$P$7)*(Data!$B$2:$K$2=Calculations!A17)*(Data!$B$3:$K$26))} -> 1437 | Q17: {=+SUMPRODUCT((Data!$A$3:$A$26=Calculations!$Q$7)*(Data!$B$2:$K$2=Calculations!A17)*(Data!$B$3:$K$26))} -> 1961 | R17: {=+SUMPRODUCT((Data!$A$3:$A$26=Calculations!$R$7)*(Data!$B$2:$K$2=Calculations!A17)*(Data!$B$3:$K$26))} -> 1279
B19: Udemy Organic | C19: My Promotions | D19: Ad Program | E19: Other
A20: =B2 -> 42795 | B20: {=+SUMPRODUCT((Data!$A$3:$A$26=Calculations!$B$7)*(Data!$B$2:$K$2=Calculations!B19)*(Data!$B$3:$K$26))} -> 828 | C20: {=+SUMPRODUCT((Data!$A$3:$A$26=Calculations!$B$7)*(Data!$B$2:$K$2=Calculations!C19)*(Data!$B$3:$K$26))} -> 210 | D20: {=+SUMPRODUCT((Data!$A$3:$A$26=Calculations!$B$7)*(Data!$B$2:$K$2=Calculations!D19)*(Data!$B$3:$K$26))} -> 82 | E20: {=+SUMPRODUCT((Data!$A$3:$A$26=Calculations!$B$7)*(Data!$B$2:$K$2=Calculations!E19)*(Data!$B$3:$K$26))} -> 80
A21: =B3 -> 42767 | B21: {=+SUMPRODUCT((Data!$A$3:$A$26=Calculations!$C$7)*(Data!$B$2:$K$2=Calculations!B19)*(Data!$B$3:$K$26))} -> 732 | C21: {=+SUMPRODUCT((Data!$A$3:$A$26=Calculations!$C$7)*(Data!$B$2:$K$2=Calculations!C19)*(Data!$B$3:$K$26))} -> 110 | D21: {=+SUMPRODUCT((Data!$A$3:$A$26=Calculations!$C$7)*(Data!$B$2:$K$2=Calculations!D19)*(Data!$B$3:$K$26))} -> 92 | E21: {=+SUMPRODUCT((Data!$A$3:$A$26=Calculations!$C$7)*(Data!$B$2:$K$2=Calculations!E19)*(Data!$B$3:$K$26))} -> 71
C24: =G7 -> 42795 | D24: =H7 -> 42767 | E24: =I7 -> 42736 | F24: =J7 -> 42705
A25: Poor | C25: 600 | D25: 600 | E25: 600 | F25: 600
A26: Good | C26: 600 | D26: 600 | E26: 600 | F26: 600
A27: Excellent | C27: 600 | D27: 600 | E27: 600 | F27: 600
A28: Target Revenue | C28: 1500 | D28: 1500 | E28: 1500 | F28: 1500
A29: Net Revenue | C29: =G14 -> 1164 | D29: =H14 -> 986 | E29: =I14 -> 1549 | F29: =J14 -> 1371
B32: Revenue | D32: =A15 -> Students | F32: =A16 -> YouTube Subscribers | H32: =A17 -> Website Unique visitors
B33: =B14 -> 1164 | D33: =B15 -> 125 | F33: =B16 -> 89 | H33: =B17 -> 1700
B34: =D14 -> 0.18052738 | D34: =D15 -> -0.10071942 | F34: =D16 -> -0.19090909 | H34: =D17 -> 0.27819549

Sheet Data
A2: Month | B2: Student Purchases | C2: Udemy Organic | D2: My Promotions | E2: Ad Program | F2: Other | G2: Refunds | H2: Revenue | I2: Students | J2: YouTube Subscribers | K2: Website Unique visitors
A3: 42370 | B3: =SUM(C3:F3) -> 1460 | C3: 1041 | D3: 284 | E3: 90 | F3: 45 | G3: 38 | H3: =B3-G3 -> 1422 | I3: 77 | J3: 151 | K3: 1286
A4: 42401 | B4: =SUM(C4:F4) -> 1491 | C4: 1196 | D4: 143 | E4: 62 | F4: 90 | G4: 24 | H4: =B4-G4 -> 1467 | I4: 119 | J4: 178 | K4: 1245
A5: 42430 | B5: =SUM(C5:F5) -> 1082 | C5: 769 | D5: 158 | E5: 81 | F5: 74 | G5: 43 | H5: =B5-G5 -> 1039 | I5: 110 | J5: 122 | K5: 1573
A6: 42461 | B6: =SUM(C6:F6) -> 1497 | C6: 1232 | D6: 113 | E6: 77 | F6: 75 | G6: 32 | H6: =B6-G6 -> 1465 | I6: 117 | J6: 130 | K6: 1279
A7: 42491 | B7: =SUM(C7:F7) -> 1210 | C7: 821 | D7: 225 | E7: 102 | F7: 62 | G7: 18 | H7: =B7-G7 -> 1192 | I7: 58 | J7: 121 | K7: 1961
A8: 42522 | B8: =SUM(C8:F8) -> 1482 | C8: 1039 | D8: 269 | E8: 116 | F8: 58 | G8: 27 | H8: =B8-G8 -> 1455 | I8: 83 | J8: 96 | K8: 1437
A9: 42552 | B9: =SUM(C9:F9) -> 1707 | C9: 1300 | D9: 281 | E9: 63 | F9: 63 | G9: 46 | H9: =B9-G9 -> 1661 | I9: 132 | J9: 132 | K9: 1740
A10: 42583 | B10: =SUM(C10:F10) -> 1125 | C10: 830 | D10: 172 | E10: 59 | F10: 64 | G10: 46 | H10: =B10-G10 -> 1079 | I10: 133 | J10: 172 | K10: 1191
A11: 42614 | B11: =SUM(C11:F11) -> 1492 | C11: 1006 | D11: 350 | E11: 54 | F11: 82 | G11: 44 | H11: =B11-G11 -> 1448 | I11: 78 | J11: 148 | K11: 1974
A12: 42644 | B12: =SUM(C12:F12) -> 1459 | C12: 1025 | D12: 287 | E12: 60 | F12: 87 | G12: 30 | H12: =B12-G12 -> 1429 | I12: 133 | J12: 144 | K12: 1971
A13: 42675 | B13: =SUM(C13:F13) -> 997 | C13: 771 | D13: 115 | E13: 53 | F13: 58 | G13: 37 | H13: =B13-G13 -> 960 | I13: 113 | J13: 168 | K13: 1375
A14: 42705 | B14: =SUM(C14:F14) -> 1410 | C14: 950 | D14: 332 | E14: 65 | F14: 63 | G14: 39 | H14: =B14-G14 -> 1371 | I14: 134 | J14: 131 | K14: 1587
... A26: 43070 | B26: =SUM(C26:F26) -> 1572 | C26: 1258 | D26: 146 | E26: 118 | F26: 50 | G26: 47 | H26: =B26-G26 -> 1525 | I26: 103 | J26: 123 | K26: 1224
